id,name,lastname,price,flycode,typePassenger,statusFlight
1,Rochelle,Fayers,29311,BR3456J,FirstClass,En Horario
2,Jeddy,De Gogay,38356,BA2491A,ExecutiveClass,En Horario
3,Davide,Ciciari,36065,BA2491A,ExecutiveClass,Demorado
4,Sybille,Marlen,20019,TU6789B,EconomyClass,En Horario
5,Jaquelyn,Lathwood,14147,HY4567D,EconomyClass,En Horario
6,Der,Halfhyde,43275,TU6789B,ExecutiveClass,Aterrizado
7,Claiborne,Murkin,47492,FR5678G,ExecutiveClass,Aterrizado
8,Roarke,Wilkennson,38871,MM0987B,FirstClass,Aterrizado
9,Chris,Lourenco,19626,MM0987B,ExecutiveClass,En Horario
10,Michele,Minchella,49613,HY4567D,EconomyClass,En Horario
11,Rosamond,O'Corr,40734,IB0800A,EconomyClass,Demorado
12,Vick,Fryman,16906,GU2345F,FirstClass,Demorado
13,Fay,Grzesiak,20509,BA2491A,ExecutiveClass,Aterrizado
14,Jefferey,Gagin,40769,HY4567D,EconomyClass,Demorado
15,Estrella,Baptista,32468,GU2345F,ExecutiveClass,En Vuelo
16,Crosby,Dallimore,27313,MM0987B,EconomyClass,En Horario
17,Billi,Sushams,39875,FR5678G,EconomyClass,Demorado
18,Dickie,Sunock,10957,FR5678G,ExecutiveClass,Aterrizado
19,Giorgi,Preshous,25608,GU2345F,ExecutiveClass,En Horario
20,Veronica,Mucklestone,35740,FR5678G,ExecutiveClass,En Horario
21,Stavros,Hoggan,47083,GU2345F,FirstClass,En Horario
22,Pacorro,Clem,14305,HY4567D,FirstClass,Demorado
23,Rance,Slowey,29923,MM0987B,ExecutiveClass,Demorado
24,Ludwig,Lathy,33144,GU2345F,FirstClass,En Vuelo
25,Wendie,Brosetti,15271,IB0800A,EconomyClass,Demorado
26,Vlad,Edmundson,33503,HY4567D,FirstClass,En Vuelo
27,Ethel,Guppey,23476,HY4567D,EconomyClass,Demorado
28,Simone,Itter,40229,IB0800A,ExecutiveClass,En Horario
29,Easter,Drinkwater,20942,HY4567D,EconomyClass,En Horario
30,Sallyanne,Phillipps,33169,GU2345F,ExecutiveClass,En Horario
31,Viv,Bolino,23913,MM0987B,EconomyClass,Demorado
32,Serena,Geipel,23738,TU6789B,EconomyClass,En Vuelo
33,Fannie,Thornber,16389,GU2345F,EconomyClass,Aterrizado
34,Jorgan,Sorsby,30748,TU6789B,EconomyClass,Demorado
35,Grant,Tolchard,20421,FR5678G,ExecutiveClass,En Vuelo
36,Lodovico,Knewstubb,12803,MM0987B,EconomyClass,En Vuelo
37,Daron,Hepher,35253,BR3456J,ExecutiveClass,Aterrizado
38,Juliet,Spraggon,41590,FR5678G,FirstClass,En Horario
39,Adan,Scud,37402,MM0987B,FirstClass,Aterrizado
40,Hilarius,Sakins,41377,BA2491A,ExecutiveClass,En Vuelo
41,Mason,Durham,11587,MM0987B,EconomyClass,En Vuelo
42,Tallia,O'Brian,32478,BA2491A,ExecutiveClass,En Horario
43,Winnie,Hellwich,19637,BA2491A,EconomyClass,Aterrizado
44,Lyndel,Isgar,11986,GU2345F,EconomyClass,Aterrizado
45,Jobyna,Brixey,15752,BA2491A,FirstClass,En Vuelo
46,Gustave,Fullalove,25768,MM0987B,EconomyClass,Demorado
47,Axel,Syme,22257,IB0800A,FirstClass,En Horario
48,Trace,Blanche,29857,BA2491A,ExecutiveClass,En Vuelo
49,Cristina,Casbolt,32155,IB0800A,ExecutiveClass,En Horario
50,Opalina,D'Elia,30398,HY4567D,FirstClass,En Vuelo
51,Kenna,Broadley,11129,GU2345F,ExecutiveClass,Aterrizado
52,Calhoun,Wightman,30462,GU2345F,ExecutiveClass,En Vuelo
53,Miguelita,Taggert,15829,BA2491A,EconomyClass,En Horario
54,Caren,Mantle,20010,FR5678G,EconomyClass,En Horario
55,Nicoli,Roughey,30345,MM0987B,FirstClass,Demorado
56,Garrot,Bolderstone,20127,BA2491A,ExecutiveClass,Demorado
57,Barnabe,Yerrington,22499,FR5678G,EconomyClass,En Vuelo
58,Sylvia,Osgodby,43147,IB0800A,EconomyClass,En Vuelo
59,Erhard,Sommerly,21251,IB0800A,ExecutiveClass,Demorado
60,Roi,Hebditch,39327,MM0987B,ExecutiveClass,Demorado
61,Melvin,Nolan,39876,BA2491A,ExecutiveClass,Aterrizado
62,Haze,Hymers,41250,BA2491A,EconomyClass,En Vuelo
63,Aloisia,Tweedle,21322,BR3456J,ExecutiveClass,Aterrizado
64,Hally,Edginton,21671,TU6789B,FirstClass,En Vuelo
65,Lyle,Mardoll,12643,BA2491A,FirstClass,En Vuelo
66,Lorine,Stollenhof,32984,BR3456J,FirstClass,Demorado
67,Scarlett,Olrenshaw,19701,FR5678G,FirstClass,En Horario
68,Vernen,Chippindall,13708,BR3456J,ExecutiveClass,En Vuelo
69,Rodolph,Gebbie,10335,BA2491A,ExecutiveClass,Aterrizado
70,Cordy,Horsley,17351,TU6789B,EconomyClass,Demorado
71,Corella,Mattityahou,22919,TU6789B,FirstClass,Aterrizado
72,Renard,Kiffin,34089,MM0987B,ExecutiveClass,En Vuelo
73,Willa,Carren,24726,BR3456J,ExecutiveClass,Demorado
74,Rici,Mitchard,19647,HY4567D,EconomyClass,En Vuelo
75,Giorgia,Sanzio,24978,TU6789B,ExecutiveClass,Aterrizado
76,Roma,Torri,17207,HY4567D,ExecutiveClass,En Vuelo
77,Vail,Jeremiah,21336,MM0987B,ExecutiveClass,Aterrizado
78,Aggy,O'Crotty,14955,IB0800A,EconomyClass,En Horario
79,Irita,Masterson,31128,BA2491A,FirstClass,Demorado
80,Mame,Kohlert,28960,GU2345F,FirstClass,En Vuelo
81,Sylas,Sysland,11078,GU2345F,FirstClass,Demorado
82,Drucy,Cregeen,19648,HY4567D,ExecutiveClass,Aterrizado
83,Mella,Robe,11527,HY4567D,FirstClass,Demorado
84,Tremaine,Hardistry,43924,HY4567D,FirstClass,Demorado
85,Muffin,Ortiger,40328,BA2491A,ExecutiveClass,Demorado
86,Ivett,Grute,26370,BA2491A,FirstClass,Demorado
87,Atlante,Stuehmeyer,33543,IB0800A,ExecutiveClass,En Horario
88,Elihu,Loraine,38509,HY4567D,EconomyClass,Aterrizado
89,Mordecai,Weatherburn,28687,GU2345F,FirstClass,En Vuelo
90,Betteann,McGenis,32391,MM0987B,FirstClass,Demorado
91,Lizzie,Schwandner,32900,FR5678G,EconomyClass,En Horario
92,Orren,Dory,39045,BA2491A,EconomyClass,En Horario
93,Alley,Collingham,21470,TU6789B,FirstClass,En Horario
94,Lia,Sanford,42967,TU6789B,FirstClass,En Vuelo
95,Jannel,Dowglass,20367,TU6789B,ExecutiveClass,Aterrizado
96,Silvester,Vuittet,49658,IB0800A,EconomyClass,En Horario
97,Herby,Lapides,25992,IB0800A,FirstClass,En Horario
98,Inger,Burle,24945,GU2345F,FirstClass,Aterrizado
99,Hannah,Bienvenu,19053,TU6789B,EconomyClass,En Vuelo
100,Annecorinne,O'Sesnane,13871,FR5678G,FirstClass,Demorado
101,Valerie,Apps,47249,BR3456J,FirstClass,Demorado
102,Frasquito,Klemensiewicz,35903,BA2491A,EconomyClass,Demorado
103,Lionel,Pirrey,16999,FR5678G,FirstClass,En Horario
104,Dody,Hradsky,48676,GU2345F,ExecutiveClass,En Horario
105,Alyda,Parrott,47037,FR5678G,EconomyClass,En Horario
106,Renelle,Rasher,31686,TU6789B,FirstClass,Demorado
107,Belia,Binning,44443,BR3456J,FirstClass,Demorado
108,Durante,Anscott,48226,TU6789B,FirstClass,En Vuelo
109,Beth,Bambery,27698,IB0800A,FirstClass,Aterrizado
110,Alexine,Lintall,42773,MM0987B,EconomyClass,Aterrizado
111,Felita,Cottis,34670,IB0800A,EconomyClass,Demorado
112,Lorenza,Knappett,41522,FR5678G,ExecutiveClass,Demorado
113,Wendeline,Reuben,10895,MM0987B,ExecutiveClass,En Vuelo
114,Leo,Rucklesse,20884,TU6789B,EconomyClass,Demorado
115,Auberon,Gallihawk,33405,TU6789B,EconomyClass,En Horario
116,Cosette,Lindborg,15797,BA2491A,EconomyClass,Aterrizado
117,Willetta,Rasch,27962,TU6789B,EconomyClass,En Vuelo
118,Teri,Beggio,21726,HY4567D,EconomyClass,Aterrizado
119,Dacie,Woodburn,32339,TU6789B,EconomyClass,Aterrizado
120,Erick,Torn,11910,GU2345F,EconomyClass,En Horario
121,Kathryne,Fanning,10266,TU6789B,ExecutiveClass,En Vuelo
122,Mendy,Cattlemull,16103,BA2491A,EconomyClass,En Horario
123,Flynn,Busch,47455,IB0800A,ExecutiveClass,Aterrizado
124,Reed,Ionn,27018,GU2345F,ExecutiveClass,Demorado
125,Dan,Ondrus,24994,HY4567D,FirstClass,En Horario
126,Luise,Housbie,30177,MM0987B,ExecutiveClass,En Vuelo
127,Stearne,Dagnall,16375,TU6789B,FirstClass,En Vuelo
128,Ronny,Dayly,48920,FR5678G,EconomyClass,En Vuelo
129,Ashla,Gershom,47905,FR5678G,FirstClass,Demorado
130,Lynna,Drover,31867,IB0800A,EconomyClass,En Horario
131,Bern,Henrys,25353,GU2345F,ExecutiveClass,Aterrizado
132,Waylen,Skym,20775,FR5678G,FirstClass,En Horario
133,Morena,Postlewhite,40405,BR3456J,FirstClass,Demorado
134,Lia,Snoddin,32008,FR5678G,FirstClass,Demorado
135,Carline,Eustis,30025,HY4567D,FirstClass,Demorado
136,Amanda,Missenden,18381,FR5678G,FirstClass,Aterrizado
137,Kendricks,O'Hannen,32417,MM0987B,ExecutiveClass,En Vuelo
138,Gianna,Gallard,29732,BR3456J,EconomyClass,En Vuelo
139,Faith,Grundey,16581,IB0800A,ExecutiveClass,Demorado
140,Gilles,Anthiftle,35100,GU2345F,ExecutiveClass,En Horario
141,Kynthia,MacLardie,17657,TU6789B,FirstClass,Demorado
142,Shanna,Courtin,45581,TU6789B,FirstClass,En Vuelo
143,Tildie,Fidoe,49843,HY4567D,EconomyClass,Aterrizado
144,Loise,Weagener,32796,FR5678G,ExecutiveClass,En Horario
145,Jorrie,Greatorex,22972,GU2345F,EconomyClass,En Horario
146,Nani,Lyttle,32832,TU6789B,EconomyClass,En Horario
147,Theodor,Greenrod,17031,HY4567D,ExecutiveClass,En Vuelo
148,Kerr,Saltsberger,27687,MM0987B,EconomyClass,En Horario
149,D'arcy,Hewkin,36950,TU6789B,FirstClass,Aterrizado
150,Martie,Tinwell,35507,GU2345F,EconomyClass,Demorado
151,Francis,Arnow,40009,TU6789B,ExecutiveClass,En Vuelo
152,Carolann,Scudamore,27409,BA2491A,ExecutiveClass,En Horario
153,Federica,Upex,45443,FR5678G,EconomyClass,En Vuelo
154,Wilhelmina,Denerley,27957,FR5678G,ExecutiveClass,En Vuelo
155,Tammie,Flahive,26111,FR5678G,ExecutiveClass,Aterrizado
156,Sayre,Godbert,44135,TU6789B,ExecutiveClass,En Vuelo
157,Rodger,Riccioppo,36570,HY4567D,EconomyClass,Demorado
158,Carley,Litherborough,31405,BA2491A,ExecutiveClass,En Horario
159,Brocky,Instrell,43101,BA2491A,FirstClass,Demorado
160,Brod,Standon,39976,TU6789B,EconomyClass,Aterrizado
161,Brenda,Rockcliffe,35052,BA2491A,EconomyClass,En Vuelo
162,Rafa,Creswell,13916,BA2491A,EconomyClass,Demorado
163,Jobye,Ripper,40856,BA2491A,EconomyClass,En Vuelo
164,Cicily,Sugden,38765,TU6789B,EconomyClass,En Vuelo
165,Nataline,Sneezem,49803,BA2491A,EconomyClass,Aterrizado
166,Legra,Halahan,38737,GU2345F,FirstClass,En Horario
167,Bevan,Skirlin,32016,MM0987B,EconomyClass,Demorado
168,Braden,MacFadzan,49313,HY4567D,FirstClass,En Vuelo
169,Serge,McCullen,33396,BR3456J,ExecutiveClass,En Horario
170,Martica,Sorton,47119,FR5678G,FirstClass,Demorado
171,Tobi,Somerlie,26463,IB0800A,FirstClass,Aterrizado
172,Samuele,Iacavone,30518,MM0987B,FirstClass,Demorado
173,Marcille,Herrema,35614,IB0800A,ExecutiveClass,En Vuelo
174,Eugenius,Gimson,14801,GU2345F,FirstClass,En Vuelo
175,Kacy,Howsden,26431,FR5678G,EconomyClass,Demorado
176,Luise,Simionato,46633,FR5678G,EconomyClass,En Horario
177,Ketti,Sharer,33867,FR5678G,ExecutiveClass,Demorado
178,Abby,Lowis,27403,FR5678G,ExecutiveClass,Demorado
179,Didi,Kenington,25321,BA2491A,FirstClass,Demorado
180,Trixy,Perrat,14698,BR3456J,FirstClass,En Horario
181,Estele,Sangwine,33018,IB0800A,EconomyClass,En Horario
182,Anette,Bartosek,27048,HY4567D,EconomyClass,Aterrizado
183,Muhammad,Tivers,16801,HY4567D,EconomyClass,En Vuelo
184,Tisha,Burren,15401,MM0987B,ExecutiveClass,Demorado
185,Clarita,Lief,38771,TU6789B,ExecutiveClass,Aterrizado
186,Sibeal,Gammon,31763,GU2345F,EconomyClass,En Horario
187,Mimi,Frigout,12804,BA2491A,ExecutiveClass,Demorado
188,Jermain,O'Hdirscoll,42748,TU6789B,ExecutiveClass,Aterrizado
189,Martita,Wardhaugh,26454,FR5678G,ExecutiveClass,Demorado
190,Ebeneser,McPhillips,31448,MM0987B,ExecutiveClass,Demorado
191,Rutherford,Baillie,42994,BR3456J,EconomyClass,En Vuelo
192,Hillie,Hazeldine,35964,GU2345F,FirstClass,Demorado
193,Calley,Pearsall,26672,FR5678G,ExecutiveClass,Aterrizado
194,Aksel,Bedward,12057,IB0800A,FirstClass,En Horario
195,Marysa,Cloney,47932,TU6789B,FirstClass,En Vuelo
196,Alie,Duckinfield,41638,MM0987B,FirstClass,En Horario
197,Ulric,Greenhaugh,12382,MM0987B,FirstClass,Demorado
198,Laina,Yerlett,46113,BA2491A,FirstClass,Demorado
199,Bobbe,Tolwood,39193,GU2345F,FirstClass,Demorado
200,Giraud,Anthony,35916,MM0987B,FirstClass,Aterrizado
201,Abey,Balthasar,37536,HY4567D,EconomyClass,En Horario
202,Lyon,Escalero,15741,MM0987B,FirstClass,En Horario
203,Shayna,Rumsby,38062,BR3456J,EconomyClass,Aterrizado
204,Amii,Juszczyk,21729,BA2491A,FirstClass,En Vuelo
205,Ichabod,Baumer,16429,BR3456J,FirstClass,En Vuelo
206,Guglielmo,MacGaughey,14158,HY4567D,ExecutiveClass,Aterrizado
207,Amil,MacGarvey,27585,MM0987B,FirstClass,Demorado
208,Wilden,Stockport,32530,GU2345F,EconomyClass,En Vuelo
209,Justis,Lavalde,38419,MM0987B,ExecutiveClass,En Horario
210,Jeannette,Marzello,43793,BA2491A,EconomyClass,Demorado
211,Kincaid,Esmonde,29106,MM0987B,ExecutiveClass,Demorado
212,Dido,Casetta,38355,HY4567D,FirstClass,En Horario
213,Dominique,Gianetti,27130,GU2345F,EconomyClass,En Horario
214,Dorothy,Winkett,49622,BR3456J,FirstClass,Demorado
215,Elsworth,Gronaller,46609,TU6789B,EconomyClass,En Vuelo
216,Mischa,Voysey,33978,GU2345F,ExecutiveClass,En Horario
217,Shep,Stangroom,13766,HY4567D,EconomyClass,En Vuelo
218,Audy,Uff,28304,BA2491A,EconomyClass,Aterrizado
219,Mia,Northover,28971,GU2345F,EconomyClass,En Vuelo
220,Jenny,Nelm,15275,MM0987B,FirstClass,Aterrizado
221,Lonna,Pentycost,27499,GU2345F,FirstClass,Aterrizado
222,Dody,Simononsky,22006,BR3456J,ExecutiveClass,En Vuelo
223,Guillemette,Hughland,25062,TU6789B,ExecutiveClass,En Vuelo
224,Aluino,Lease,27994,TU6789B,EconomyClass,Aterrizado
225,Lorraine,Self,20621,GU2345F,EconomyClass,En Horario
226,Abby,Hurton,17157,GU2345F,ExecutiveClass,Demorado
227,Ardenia,Vear,40981,BR3456J,ExecutiveClass,Demorado
228,Carlye,Tewkesberry,25859,HY4567D,FirstClass,Aterrizado
229,Waylan,Bussons,16824,GU2345F,EconomyClass,En Vuelo
230,Moore,Driffill,41905,MM0987B,EconomyClass,Aterrizado
231,Allissa,Raund,31056,IB0800A,FirstClass,Aterrizado
232,Dianemarie,Hedlestone,20097,BR3456J,ExecutiveClass,Aterrizado
233,Collin,Mazin,49284,HY4567D,FirstClass,En Vuelo
234,Burr,Gulberg,33375,TU6789B,EconomyClass,Demorado
235,Francesca,Sarle,29018,MM0987B,FirstClass,En Horario
236,Adolphe,Stearn,49965,FR5678G,EconomyClass,Aterrizado
237,Adolphe,St Ange,49954,BA2491A,ExecutiveClass,Aterrizado
238,Angil,Whittington,46441,TU6789B,FirstClass,En Vuelo
239,Hobie,O'Neill,24451,HY4567D,FirstClass,Demorado
240,Barn,Kees,29717,IB0800A,FirstClass,En Horario
241,Yance,Whyborne,13897,BA2491A,ExecutiveClass,En Vuelo
242,Terence,Oldknowe,43527,GU2345F,FirstClass,Aterrizado
243,Steffie,Courtese,29372,TU6789B,ExecutiveClass,En Vuelo
244,Ogdan,Scamel,21939,BR3456J,FirstClass,En Vuelo
245,Alica,McWilliam,31952,BA2491A,ExecutiveClass,Aterrizado
246,Starlene,Housiaux,17540,MM0987B,FirstClass,Aterrizado
247,Paco,Cockroft,21562,HY4567D,EconomyClass,Demorado
248,Torre,McGrory,43554,GU2345F,ExecutiveClass,Demorado
249,Pegeen,Dabnot,34970,TU6789B,EconomyClass,En Horario
250,Avivah,Tomaszewski,46264,MM0987B,FirstClass,En Horario
251,Aili,Scotson,12852,MM0987B,ExecutiveClass,En Vuelo
252,Cindie,Waszkiewicz,36816,GU2345F,ExecutiveClass,Aterrizado
253,Merna,Wasielewski,23329,IB0800A,ExecutiveClass,Demorado
254,Sherwynd,Bertome,40282,MM0987B,FirstClass,Demorado
255,Sidonia,Ovens,43922,BA2491A,ExecutiveClass,En Vuelo
256,Suzanne,Ilymanov,21303,IB0800A,ExecutiveClass,Demorado
257,Rhonda,Hedley,26070,FR5678G,ExecutiveClass,En Vuelo
258,Poppy,Adamou,22071,GU2345F,FirstClass,Demorado
259,Cob,Ailward,14506,BR3456J,ExecutiveClass,En Horario
260,Cybil,Patsall,38540,IB0800A,EconomyClass,Aterrizado
261,Giustino,Rumming,32258,TU6789B,EconomyClass,En Vuelo
262,Maureene,Carette,27706,IB0800A,EconomyClass,En Horario
263,Teena,Ivic,33660,BR3456J,ExecutiveClass,Aterrizado
264,Gray,Rosenstiel,11668,IB0800A,EconomyClass,En Horario
265,Dunc,Riggey,15578,TU6789B,ExecutiveClass,En Horario
266,Rooney,Nolan,35913,TU6789B,ExecutiveClass,En Horario
267,Leora,Marple,17382,GU2345F,FirstClass,En Horario
268,Alyce,Dodsworth,35140,TU6789B,FirstClass,En Vuelo
269,Horatia,Fevers,46935,IB0800A,FirstClass,Demorado
270,Marcella,Girdler,38620,BR3456J,ExecutiveClass,Aterrizado
271,Abram,Shinton,15382,GU2345F,ExecutiveClass,Aterrizado
272,Mei,Simenel,15890,IB0800A,ExecutiveClass,En Horario
273,Rudiger,Rainsden,10980,IB0800A,FirstClass,Aterrizado
274,Estella,Towle,41019,BA2491A,EconomyClass,Demorado
275,Hermina,Benson,36124,BA2491A,FirstClass,En Horario
276,Lucine,Moreland,37699,IB0800A,EconomyClass,En Vuelo
277,Missy,Zimmer,16474,TU6789B,FirstClass,Demorado
278,Olenolin,Palmar,36465,BR3456J,FirstClass,En Horario
279,Starr,Inder,43103,BR3456J,EconomyClass,En Horario
280,Andre,Millhouse,41644,IB0800A,ExecutiveClass,En Horario
281,Lorrie,Huegett,12702,GU2345F,ExecutiveClass,Demorado
282,Wyn,Culter,31403,FR5678G,FirstClass,Aterrizado
283,Gayleen,MacEnelly,46606,BR3456J,EconomyClass,En Horario
284,Orelee,Murch,49853,FR5678G,ExecutiveClass,Demorado
285,Amalia,Sumshon,38669,MM0987B,EconomyClass,Aterrizado
286,Bunny,Tash,32188,BA2491A,EconomyClass,Aterrizado
287,Ted,Skeel,35275,BR3456J,EconomyClass,Demorado
288,Darbie,Hazley,12854,BR3456J,FirstClass,Aterrizado
289,Sena,Bullene,47306,BR3456J,FirstClass,Aterrizado
290,Rab,Cerie,28458,TU6789B,EconomyClass,Aterrizado
291,Van,Ruckledge,37030,BA2491A,FirstClass,Demorado
292,Dewain,Beche,31772,BA2491A,EconomyClass,En Vuelo
293,Krisha,Fleg,17652,TU6789B,ExecutiveClass,En Horario
294,Inglis,Ormrod,25593,HY4567D,ExecutiveClass,Aterrizado
295,Hannis,Ventam,33460,BA2491A,FirstClass,En Vuelo
296,Jorey,Bradlaugh,20165,HY4567D,FirstClass,Aterrizado
297,Heda,Packham,17682,BA2491A,FirstClass,En Vuelo
298,Lexine,Huffer,23386,BA2491A,ExecutiveClass,Aterrizado
299,Osbourne,Dyte,18789,MM0987B,ExecutiveClass,Aterrizado
300,Monro,Quayle,28862,GU2345F,FirstClass,En Horario
301,Tillie,Probat,30548,BR3456J,ExecutiveClass,En Vuelo
302,Marylin,Hendriks,28783,BR3456J,ExecutiveClass,Aterrizado
303,Nev,Tween,30594,BA2491A,FirstClass,En Horario
304,Sherrie,Cargill,17199,FR5678G,EconomyClass,En Horario
305,Pepito,Cowen,14453,BR3456J,FirstClass,Aterrizado
306,Klarika,Glanton,47164,GU2345F,EconomyClass,En Vuelo
307,Bartlett,Maffezzoli,21980,IB0800A,ExecutiveClass,Aterrizado
308,Rasla,Bisiker,42250,IB0800A,FirstClass,Demorado
309,Renie,Jewess,49928,TU6789B,ExecutiveClass,En Horario
310,Korney,Sandland,45267,GU2345F,FirstClass,En Vuelo
311,Pall,Patnelli,32177,FR5678G,EconomyClass,En Vuelo
312,Thorvald,Hedges,10622,BA2491A,ExecutiveClass,Aterrizado
313,Kass,Courtman,25845,BR3456J,ExecutiveClass,Aterrizado
314,Grantley,Dizlie,25855,GU2345F,ExecutiveClass,En Horario
315,Rudolph,Pocke,30416,TU6789B,EconomyClass,Aterrizado
316,Elvyn,Kyneton,35208,BA2491A,EconomyClass,En Vuelo
317,Janeczka,Darwen,32121,HY4567D,ExecutiveClass,En Vuelo
318,Rorke,Lafay,27807,HY4567D,EconomyClass,En Vuelo
319,Teena,Weippert,33468,BA2491A,ExecutiveClass,En Vuelo
320,Brandise,Grzegorek,28305,GU2345F,ExecutiveClass,Aterrizado
321,Auberon,Wakeley,14004,GU2345F,FirstClass,Aterrizado
322,Merrick,Bearman,48062,IB0800A,EconomyClass,Demorado
323,Eveline,Stonner,34101,GU2345F,FirstClass,Demorado
324,Caprice,MacMenamin,17008,HY4567D,FirstClass,En Horario
325,Earle,Wheldon,44779,HY4567D,FirstClass,Demorado
326,Andrea,Wake,15613,MM0987B,EconomyClass,En Horario
327,Somerset,Coppen,38218,GU2345F,EconomyClass,Aterrizado
328,Sandie,Lowndesbrough,21677,BR3456J,FirstClass,En Vuelo
329,Bourke,Emig,10514,HY4567D,FirstClass,Demorado
330,Hamil,Whittuck,10972,BA2491A,ExecutiveClass,Demorado
331,Belia,Worling,27753,GU2345F,ExecutiveClass,En Vuelo
332,Waylan,Lavigne,41308,FR5678G,FirstClass,En Horario
333,Lisette,Kennaird,45496,BR3456J,FirstClass,En Vuelo
334,Ajay,Harrowsmith,17278,TU6789B,FirstClass,Aterrizado
335,Bennett,Kinmond,45208,MM0987B,ExecutiveClass,Aterrizado
336,Buffy,Lafontaine,36430,TU6789B,FirstClass,En Vuelo
337,Benedetta,Djordjevic,25820,BR3456J,ExecutiveClass,Demorado
338,Arlie,Goodson,24362,IB0800A,ExecutiveClass,En Vuelo
339,Juliet,Krout,41116,IB0800A,EconomyClass,Demorado
340,Crichton,Cosin,17757,TU6789B,FirstClass,Aterrizado
341,Herta,Wheeler,19650,MM0987B,FirstClass,Demorado
342,Clementia,Jime,36002,BR3456J,EconomyClass,En Horario
343,Carling,O'Suaird,40096,GU2345F,FirstClass,En Horario
344,Gabriele,Bendtsen,14853,HY4567D,ExecutiveClass,En Vuelo
345,Rhianna,Batting,23927,TU6789B,EconomyClass,En Vuelo
346,Sharline,Snartt,30586,FR5678G,ExecutiveClass,En Vuelo
347,Jerry,Zecchetti,19191,BA2491A,ExecutiveClass,Demorado
348,Moise,Heinrich,46763,BA2491A,ExecutiveClass,Demorado
349,Ebenezer,Bollands,49452,TU6789B,EconomyClass,Aterrizado
350,Anita,O'Hannen,18968,IB0800A,EconomyClass,Demorado
351,Merilyn,Shyre,27701,BR3456J,EconomyClass,En Horario
352,Liva,Daly,41950,IB0800A,FirstClass,En Vuelo
353,Brier,Anneslie,14426,MM0987B,EconomyClass,En Horario
354,Carlo,Furmagier,19671,IB0800A,ExecutiveClass,Aterrizado
355,Freeman,Tampling,23588,GU2345F,EconomyClass,Aterrizado
356,Leah,Guiu,27209,FR5678G,ExecutiveClass,Aterrizado
357,Clementina,Reston,47781,FR5678G,FirstClass,Demorado
358,Gavra,Mate,46281,HY4567D,EconomyClass,En Vuelo
359,Julius,Marzelo,14395,IB0800A,EconomyClass,En Horario
360,Richart,Nuccitelli,15318,FR5678G,ExecutiveClass,En Vuelo
361,Reggis,Clutheram,11272,BR3456J,FirstClass,En Horario
362,Bat,Ruspine,29131,TU6789B,ExecutiveClass,En Vuelo
363,Roanne,Spaxman,40017,GU2345F,FirstClass,En Vuelo
364,Rogers,Yokley,40516,BR3456J,FirstClass,En Horario
365,Greta,Goulding,33803,TU6789B,FirstClass,Aterrizado
366,Barnard,Earwaker,47474,MM0987B,EconomyClass,En Horario
367,Shandra,Harms,37160,HY4567D,ExecutiveClass,En Vuelo
368,Erastus,Tanser,32852,IB0800A,ExecutiveClass,En Horario
369,Noelyn,Shemming,14426,FR5678G,EconomyClass,En Horario
370,Trevor,Marsh,12024,MM0987B,FirstClass,Aterrizado
371,Shellysheldon,Auchterlony,23412,IB0800A,ExecutiveClass,Aterrizado
372,Lucine,Brunnstein,10867,IB0800A,EconomyClass,Demorado
373,Fifine,Glanert,27294,IB0800A,FirstClass,Aterrizado
374,Yevette,Santus,20905,TU6789B,EconomyClass,Aterrizado
375,Rhodie,Cowle,18247,HY4567D,ExecutiveClass,En Vuelo
376,Shamus,Blaxeland,35993,FR5678G,EconomyClass,En Vuelo
377,Marten,Micheau,28948,BA2491A,FirstClass,En Horario
378,Arie,Sreenan,15198,FR5678G,FirstClass,Aterrizado
379,Stephan,Kernell,22716,BA2491A,FirstClass,En Vuelo
380,Barbara-anne,Woollends,24981,TU6789B,EconomyClass,En Horario
381,Cristian,Gimbart,32954,BA2491A,ExecutiveClass,En Vuelo
382,Adela,Polhill,25656,BA2491A,EconomyClass,En Horario
383,Dione,Kenningham,41304,MM0987B,ExecutiveClass,Aterrizado
384,Ludvig,King,16186,IB0800A,FirstClass,En Horario
385,Jacquetta,Duggon,10501,IB0800A,ExecutiveClass,En Vuelo
386,Brigid,Aberhart,32379,BA2491A,FirstClass,En Horario
387,Teena,Shear,46721,FR5678G,FirstClass,En Vuelo
388,Janey,Shovlar,24412,BR3456J,ExecutiveClass,Demorado
389,Noble,Kiezler,46874,TU6789B,EconomyClass,Aterrizado
390,Brandy,Bosward,43472,IB0800A,FirstClass,En Horario
391,Leopold,Jado,13699,IB0800A,EconomyClass,En Horario
392,Scot,Saura,17179,MM0987B,EconomyClass,Demorado
393,Rafaello,Kidman,23496,TU6789B,EconomyClass,Demorado
394,Berna,Lensch,29799,FR5678G,ExecutiveClass,En Horario
395,Westbrooke,Lackeye,44147,GU2345F,FirstClass,Aterrizado
396,Janos,Trunchion,41263,TU6789B,ExecutiveClass,Demorado
397,Ceciley,Sutworth,21523,MM0987B,FirstClass,Demorado
398,Di,Seabrocke,46647,MM0987B,ExecutiveClass,Demorado
399,Korie,Dancy,42868,HY4567D,FirstClass,En Horario
400,Lorry,Barhams,37318,TU6789B,ExecutiveClass,En Horario
401,Latia,Cracie,16030,MM0987B,FirstClass,Demorado
402,Renae,Roblett,26355,BA2491A,FirstClass,Aterrizado
403,Alfonso,Manson,40842,HY4567D,EconomyClass,En Vuelo
404,Lissi,Kitchingman,12454,HY4567D,ExecutiveClass,En Horario
405,Vinnie,Fleet,21973,IB0800A,FirstClass,Demorado
406,Benjie,Trembley,49715,BR3456J,FirstClass,Aterrizado
407,Freddi,Kirkwood,28938,TU6789B,FirstClass,Demorado
408,Chantalle,Falconar,22283,IB0800A,ExecutiveClass,En Vuelo
409,Kayne,Millis,12942,GU2345F,FirstClass,En Horario
410,Denni,Yate,37568,BR3456J,FirstClass,Aterrizado
411,Felice,Varsey,38698,BR3456J,ExecutiveClass,En Vuelo
412,Vanya,Kaplan,32261,TU6789B,ExecutiveClass,Demorado
413,Aloise,Spadeck,38472,IB0800A,EconomyClass,Demorado
414,Ericha,Dugan,42693,BA2491A,FirstClass,Demorado
415,Elton,Hedling,28078,FR5678G,FirstClass,Demorado
416,Margy,Mitchelhill,33922,GU2345F,EconomyClass,Demorado
417,Stefa,Kembry,26346,HY4567D,EconomyClass,En Vuelo
418,Mechelle,Gwilt,44716,BA2491A,ExecutiveClass,En Horario
419,Rickie,Nanuccioi,31108,FR5678G,ExecutiveClass,En Horario
420,Reg,Panther,19583,IB0800A,EconomyClass,En Horario
421,Laryssa,O'Driscoll,32806,MM0987B,FirstClass,Demorado
422,Mallissa,Mazzilli,36650,BA2491A,EconomyClass,En Vuelo
423,Rickert,Camosso,11111,HY4567D,FirstClass,Aterrizado
424,Ernst,Bartali,36515,IB0800A,FirstClass,En Horario
425,Elijah,Passey,26407,IB0800A,ExecutiveClass,En Horario
426,Tades,Titterington,26434,HY4567D,EconomyClass,Demorado
427,Gnni,MacWhirter,45725,FR5678G,FirstClass,En Vuelo
428,Bronson,Lesmonde,34427,MM0987B,ExecutiveClass,Aterrizado
429,Sindee,Albany,11006,BA2491A,ExecutiveClass,Aterrizado
430,Reider,Summersett,33489,BA2491A,EconomyClass,Demorado
431,Jess,Wilshin,34186,BR3456J,FirstClass,Demorado
432,Nona,Haffard,41083,MM0987B,EconomyClass,Demorado
433,Lilly,Moisey,10043,GU2345F,EconomyClass,Demorado
434,Alford,Shillam,49684,GU2345F,ExecutiveClass,En Vuelo
435,Glenn,Frears,15334,IB0800A,EconomyClass,En Horario
436,Iorgos,Ryce,32202,GU2345F,EconomyClass,En Horario
437,Bell,Hollingsby,30017,BA2491A,EconomyClass,En Vuelo
438,Teodoro,Brittlebank,43468,MM0987B,FirstClass,Aterrizado
439,Tiebout,Ullock,46806,FR5678G,EconomyClass,En Horario
440,Peta,Jamary,45266,FR5678G,ExecutiveClass,En Horario
441,Towny,MacColm,32677,BR3456J,ExecutiveClass,Aterrizado
442,Waylen,Piatek,13151,FR5678G,ExecutiveClass,Demorado
443,Jourdan,Froment,38260,FR5678G,ExecutiveClass,Demorado
444,Kate,Jouanot,30311,TU6789B,ExecutiveClass,Demorado
445,Pauline,Kirrage,30473,IB0800A,EconomyClass,En Horario
446,Adelaida,Gowdy,38432,HY4567D,FirstClass,Aterrizado
447,Winna,Triggol,23195,FR5678G,ExecutiveClass,Aterrizado
448,Hedvig,Beddard,24943,GU2345F,EconomyClass,En Horario
449,Sibyl,Maasz,12908,BA2491A,EconomyClass,En Vuelo
450,Jessamyn,Haddy,18222,IB0800A,EconomyClass,Demorado
451,Mitchell,Kenzie,35222,TU6789B,ExecutiveClass,En Horario
452,Moina,Phalp,40004,HY4567D,FirstClass,Aterrizado
453,Kinsley,Malinowski,45782,BR3456J,ExecutiveClass,En Vuelo
454,Shermy,Alwin,41805,IB0800A,ExecutiveClass,Demorado
455,Isabelle,Sandars,47642,MM0987B,FirstClass,En Horario
456,Barris,Ende,35383,BR3456J,ExecutiveClass,En Vuelo
457,Richardo,Crockley,22131,BR3456J,ExecutiveClass,En Horario
458,Ebba,Ubsdell,45188,TU6789B,ExecutiveClass,En Horario
459,Malina,Butland,40980,FR5678G,EconomyClass,Demorado
460,Edik,Whellams,18340,GU2345F,FirstClass,Demorado
461,Lisetta,Matresse,29578,GU2345F,EconomyClass,En Vuelo
462,Erin,Stanley,41792,IB0800A,EconomyClass,Demorado
463,Carlen,Evett,32413,BA2491A,FirstClass,Demorado
464,Brew,Trowler,48160,HY4567D,EconomyClass,En Vuelo
465,Trixy,MacFarland,22138,TU6789B,EconomyClass,Demorado
466,Samara,Iannini,46568,IB0800A,FirstClass,En Vuelo
467,Almeta,Sirmon,42625,HY4567D,EconomyClass,En Horario
468,Althea,Gapper,10032,HY4567D,EconomyClass,Aterrizado
469,Ingrid,Bertin,11990,BR3456J,ExecutiveClass,Aterrizado
470,Lulu,Cullingworth,19211,FR5678G,FirstClass,En Horario
471,Jena,Matasov,35153,GU2345F,ExecutiveClass,Aterrizado
472,Wilma,Cesaric,28877,GU2345F,ExecutiveClass,Demorado
473,Tatiania,Farre,39700,HY4567D,ExecutiveClass,Aterrizado
474,Amelita,Yarranton,27472,GU2345F,ExecutiveClass,Demorado
475,Murdoch,Boycott,14797,FR5678G,FirstClass,Demorado
476,Mathias,Enbury,42855,FR5678G,EconomyClass,En Vuelo
477,Rocky,Wheelan,11652,BA2491A,FirstClass,Aterrizado
478,Roch,Padberry,20358,GU2345F,EconomyClass,Aterrizado
479,Janenna,Ellens,27451,BA2491A,FirstClass,Demorado
480,Curtice,Minchenton,13503,MM0987B,ExecutiveClass,Demorado
481,Jeremias,Jaffray,43520,BR3456J,ExecutiveClass,Aterrizado
482,Gerhardine,Bugdall,21464,BA2491A,FirstClass,Aterrizado
483,Iolande,Parke,19728,TU6789B,FirstClass,En Vuelo
484,Whit,Bromige,46616,BA2491A,EconomyClass,Aterrizado
485,Minerva,Lebbon,44621,BA2491A,EconomyClass,Demorado
486,Annelise,Wisher,33068,TU6789B,EconomyClass,En Horario
487,Stephan,Boc,22031,GU2345F,EconomyClass,En Vuelo
488,Annissa,Scarre,23858,HY4567D,FirstClass,Demorado
489,Meredithe,Beardwell,25827,IB0800A,FirstClass,En Vuelo
490,Arleta,McCroary,29771,GU2345F,ExecutiveClass,Demorado
491,Rica,Muckeen,22127,BA2491A,EconomyClass,Aterrizado
492,Krystal,Allman,34390,BA2491A,EconomyClass,Aterrizado
493,Webb,Funcheon,22283,BA2491A,FirstClass,En Vuelo
494,Gwenore,Loomes,20525,HY4567D,FirstClass,Demorado
495,Allyn,Jeandin,19291,BA2491A,EconomyClass,Aterrizado
496,Dyann,Jerdon,23263,HY4567D,ExecutiveClass,En Vuelo
497,Babbie,Dolder,16675,GU2345F,EconomyClass,En Vuelo
498,Marsha,Evamy,36322,BR3456J,ExecutiveClass,Aterrizado
499,Johnath,Bernuzzi,20642,TU6789B,EconomyClass,Demorado
500,Gerry,Seefeldt,15688,IB0800A,FirstClass,Demorado
501,Kelsi,Hawkswood,34589,GU2345F,FirstClass,Demorado
502,Alie,Hagergham,14832,IB0800A,FirstClass,Demorado
503,Cathe,Brazil,27739,HY4567D,EconomyClass,Aterrizado
504,Lizette,Arderne,43505,TU6789B,FirstClass,En Vuelo
505,Mahmoud,Angrock,45251,MM0987B,EconomyClass,Aterrizado
506,Stefan,Van Halen,37809,BA2491A,FirstClass,En Vuelo
507,Cheri,Marquiss,43193,HY4567D,EconomyClass,En Horario
508,Phelia,Tippetts,41929,BA2491A,EconomyClass,En Vuelo
509,Ronica,Cumine,42566,MM0987B,FirstClass,Aterrizado
510,Helenka,Illsley,27159,MM0987B,ExecutiveClass,Aterrizado
511,Chelsea,Stonnell,38123,BA2491A,FirstClass,Aterrizado
512,Goldarina,Utton,47762,IB0800A,ExecutiveClass,En Vuelo
513,Aharon,Ruselin,42035,BR3456J,FirstClass,Aterrizado
514,Jacinthe,Lindell,49991,GU2345F,FirstClass,En Vuelo
515,Dacey,Dennitts,35520,TU6789B,EconomyClass,Aterrizado
516,Bili,Navaro,40447,TU6789B,EconomyClass,Aterrizado
517,Karlan,Wynes,34506,IB0800A,EconomyClass,Demorado
518,Aylmer,Smetoun,19031,FR5678G,EconomyClass,Demorado
519,Fernando,Egentan,38288,BA2491A,EconomyClass,En Vuelo
520,Alexis,Frankum,46462,MM0987B,ExecutiveClass,Aterrizado
521,Creighton,Curedell,19837,TU6789B,EconomyClass,Aterrizado
522,Hermione,Chaffin,40581,MM0987B,ExecutiveClass,Demorado
523,Rikki,Pedlow,20521,GU2345F,ExecutiveClass,En Horario
524,Roxine,aManger,30330,BA2491A,ExecutiveClass,Aterrizado
525,Marlo,Minshaw,47432,FR5678G,FirstClass,Demorado
526,Joye,Pettengell,22736,IB0800A,EconomyClass,Demorado
527,Olivia,Glanister,37219,GU2345F,EconomyClass,Demorado
528,Deirdre,Hiddsley,28086,TU6789B,FirstClass,En Horario
529,Tybi,Cough,11275,GU2345F,EconomyClass,En Vuelo
530,Charlotta,Jurczyk,49254,TU6789B,FirstClass,En Vuelo
531,Brinna,Petrov,41768,TU6789B,EconomyClass,En Vuelo
532,Benyamin,McGrale,12403,FR5678G,FirstClass,En Horario
533,Errol,McCorry,47267,BR3456J,EconomyClass,Aterrizado
534,Nannie,Dell Casa,22280,FR5678G,EconomyClass,Demorado
535,Theo,Daber,39111,MM0987B,ExecutiveClass,Aterrizado
536,Jilly,Cocker,48196,BA2491A,ExecutiveClass,Aterrizado
537,Ermanno,Dufton,10617,FR5678G,EconomyClass,En Vuelo
538,Karney,Yellowley,10531,MM0987B,EconomyClass,Aterrizado
539,Carolan,Adams,44068,MM0987B,FirstClass,Demorado
540,Maiga,Charman,16526,MM0987B,FirstClass,Demorado
541,Orsa,Penniall,42166,FR5678G,ExecutiveClass,Aterrizado
542,Zea,Hinrich,23699,FR5678G,ExecutiveClass,En Vuelo
543,Wilhelmina,Matteotti,19939,IB0800A,EconomyClass,En Horario
544,Julienne,Staniford,11985,FR5678G,FirstClass,En Vuelo
545,Sean,Yarnton,11702,BA2491A,FirstClass,Aterrizado
546,Tomaso,Panton,31303,GU2345F,EconomyClass,Aterrizado
547,Karrah,Triswell,33514,MM0987B,EconomyClass,En Vuelo
548,Shellysheldon,Caisley,31413,TU6789B,EconomyClass,Demorado
549,Lanna,Ravilious,26866,TU6789B,FirstClass,En Vuelo
550,Johann,Fricker,29397,BA2491A,FirstClass,Aterrizado
551,Lind,Sheerman,32921,GU2345F,ExecutiveClass,Aterrizado
552,Zacharie,Bywater,34609,TU6789B,EconomyClass,En Vuelo
553,Alvera,Shimoni,12576,GU2345F,FirstClass,Demorado
554,Amandi,Dullingham,45939,GU2345F,FirstClass,En Vuelo
555,Sullivan,Eilhermann,41540,BR3456J,FirstClass,En Vuelo
556,Alfi,Hain,16756,BA2491A,EconomyClass,En Horario
557,Malcolm,Willoughley,38372,BA2491A,ExecutiveClass,En Horario
558,Darleen,Vasyatkin,20229,IB0800A,EconomyClass,Demorado
559,Verile,Atto,44668,BR3456J,EconomyClass,Aterrizado
560,Ida,Mustard,45315,FR5678G,EconomyClass,Aterrizado
561,Merla,Brecknall,32394,HY4567D,FirstClass,Aterrizado
562,Paule,Rives,13580,TU6789B,ExecutiveClass,Demorado
563,Demetre,Grundon,40932,GU2345F,EconomyClass,En Horario
564,Denise,Scotchmor,28370,MM0987B,EconomyClass,En Horario
565,Ivor,Lorraway,44201,IB0800A,EconomyClass,Aterrizado
566,Meredith,Roycroft,23599,IB0800A,ExecutiveClass,En Vuelo
567,Noelani,Weeden,34714,BR3456J,FirstClass,Aterrizado
568,Flin,Heineking,33938,BA2491A,ExecutiveClass,En Vuelo
569,Vasily,Farnorth,25104,MM0987B,FirstClass,En Horario
570,Wilfrid,Mapother,36928,MM0987B,ExecutiveClass,Demorado
571,Iorgo,Lambricht,19059,BA2491A,EconomyClass,Aterrizado
572,Durand,Skaife,29502,BR3456J,ExecutiveClass,En Horario
573,Avery,Tumayan,35962,FR5678G,FirstClass,Demorado
574,Inez,Stenners,28517,IB0800A,EconomyClass,En Vuelo
575,Joellyn,Mussetti,22309,TU6789B,FirstClass,Demorado
576,Marty,Philo,49785,FR5678G,FirstClass,Aterrizado
577,Abraham,Benjafield,27454,BA2491A,FirstClass,En Horario
578,Nataline,Escoffrey,27606,BA2491A,ExecutiveClass,Aterrizado
579,Marlow,Franiak,47524,TU6789B,EconomyClass,Aterrizado
580,Arlinda,Buttrick,29820,MM0987B,EconomyClass,En Horario
581,Donica,McKeggie,23033,TU6789B,EconomyClass,Aterrizado
582,Catie,Demange,37538,TU6789B,ExecutiveClass,En Vuelo
583,Mozelle,Escoffrey,28596,BR3456J,FirstClass,En Horario
584,Hatty,Delos,26156,HY4567D,ExecutiveClass,Demorado
585,Bernadette,Thomke,28381,BR3456J,ExecutiveClass,Demorado
586,Remus,Eger,46073,FR5678G,EconomyClass,Aterrizado
587,Keelby,Knox,22800,HY4567D,EconomyClass,Demorado
588,Donnie,Batstone,25703,TU6789B,ExecutiveClass,Demorado
589,Othilie,Durnin,39725,GU2345F,FirstClass,En Vuelo
590,Hamish,Petschel,33563,TU6789B,FirstClass,En Vuelo
591,Renee,Hesey,34639,IB0800A,ExecutiveClass,En Horario
592,Ursula,Locker,10345,MM0987B,FirstClass,Demorado
593,Courtenay,Stelle,31497,BA2491A,ExecutiveClass,Aterrizado
594,Layton,Caherny,45288,FR5678G,ExecutiveClass,En Horario
595,Pamela,Halls,19763,BA2491A,EconomyClass,En Vuelo
596,Concettina,Sansome,48213,IB0800A,ExecutiveClass,Demorado
597,Cecilia,Pyrton,40820,FR5678G,FirstClass,Demorado
598,Lanny,Dun,45470,GU2345F,EconomyClass,Aterrizado
599,Domingo,Brunelli,31346,BR3456J,ExecutiveClass,Demorado
600,Vaclav,ducarme,43011,IB0800A,FirstClass,En Vuelo
601,Adara,Jordison,14289,BR3456J,ExecutiveClass,Aterrizado
602,Bell,Pavese,20619,BA2491A,FirstClass,Aterrizado
603,Tucker,Cassimer,44144,HY4567D,FirstClass,En Vuelo
604,Karilynn,Kynoch,15147,BA2491A,ExecutiveClass,Demorado
605,Patty,Paroni,49624,BA2491A,EconomyClass,En Horario
606,Gusella,Sliman,34488,GU2345F,FirstClass,En Vuelo
607,Sonny,Leydon,14759,HY4567D,ExecutiveClass,Aterrizado
608,Rici,Avrahm,48253,TU6789B,EconomyClass,Aterrizado
609,Lanna,Allden,28442,MM0987B,ExecutiveClass,Aterrizado
610,Dalis,Dumberell,47506,BR3456J,ExecutiveClass,Aterrizado
611,Leisha,Gawler,20632,TU6789B,EconomyClass,En Vuelo
612,Sebastian,Belch,28219,FR5678G,ExecutiveClass,En Horario
613,Humfrey,Arnfield,41623,BA2491A,FirstClass,En Vuelo
614,Wenonah,Vineall,29344,TU6789B,FirstClass,Demorado
615,Hayden,Quest,45652,BA2491A,FirstClass,Aterrizado
616,Paulo,Coleshill,24222,BA2491A,ExecutiveClass,Demorado
617,Ginnie,Atthowe,48053,FR5678G,EconomyClass,Aterrizado
618,Clim,Dovermann,35800,IB0800A,FirstClass,Demorado
619,Anet,McGibbon,38729,BA2491A,EconomyClass,En Vuelo
620,Nanette,Brockington,20931,BA2491A,FirstClass,En Vuelo
621,Base,Kiln,21537,FR5678G,EconomyClass,En Horario
622,Constancy,Freebury,36109,GU2345F,EconomyClass,Demorado
623,Lorenza,Kenafaque,41292,GU2345F,FirstClass,Demorado
624,Gaspar,Newlin,47467,HY4567D,EconomyClass,En Horario
625,Kingston,Farnhill,47889,GU2345F,FirstClass,En Horario
626,Steven,Edmunds,25129,TU6789B,FirstClass,Demorado
627,Audre,Maybury,26927,TU6789B,EconomyClass,Demorado
628,Brinn,Kick,17242,FR5678G,EconomyClass,En Horario
629,Cori,Berry,15656,BR3456J,EconomyClass,En Vuelo
630,Jaquenetta,Tetlow,37879,HY4567D,FirstClass,En Horario
631,Sheffield,Reinard,31053,BR3456J,EconomyClass,En Vuelo
632,Averil,Deeney,26696,BR3456J,FirstClass,En Horario
633,Reinhard,Trathan,19727,FR5678G,EconomyClass,Demorado
634,Cam,Halesworth,10128,BR3456J,FirstClass,En Horario
635,Dot,Nolda,49651,IB0800A,EconomyClass,Demorado
636,Alyda,Bryers,35256,TU6789B,ExecutiveClass,En Horario
637,Corabella,Weiser,31928,GU2345F,FirstClass,Demorado
638,Cecil,Long,28891,MM0987B,FirstClass,En Vuelo
639,Aguste,Linge,29688,TU6789B,ExecutiveClass,Aterrizado
640,Ardisj,Zuanazzi,39532,GU2345F,EconomyClass,Aterrizado
641,Clayborne,Eggins,20207,BR3456J,ExecutiveClass,En Horario
642,Fionnula,Chesnut,38419,MM0987B,FirstClass,Aterrizado
643,Poppy,Gerred,40186,TU6789B,EconomyClass,Demorado
644,Pansy,Brunsden,15114,HY4567D,EconomyClass,Demorado
645,Serene,Badgers,18311,MM0987B,EconomyClass,En Horario
646,Emanuele,Grimolbie,25591,MM0987B,FirstClass,Demorado
647,Felicity,Breckwell,43519,BA2491A,EconomyClass,Aterrizado
648,Tony,Ivanets,12240,BR3456J,FirstClass,Aterrizado
649,Arny,Baigrie,35842,TU6789B,ExecutiveClass,En Horario
650,Trevar,Considine,24191,BA2491A,FirstClass,En Vuelo
651,Amii,Hylton,25835,BR3456J,FirstClass,En Vuelo
652,Gerardo,Schwartz,24663,GU2345F,FirstClass,Demorado
653,Cesare,McCroary,15398,GU2345F,ExecutiveClass,En Horario
654,Norby,Bollans,45460,FR5678G,ExecutiveClass,En Vuelo
655,Nadine,Espie,15493,BR3456J,ExecutiveClass,En Horario
656,Tommie,Barwack,47237,MM0987B,EconomyClass,Demorado
657,Conny,Boynton,14905,MM0987B,ExecutiveClass,Demorado
658,Linet,Gallant,45792,TU6789B,EconomyClass,En Horario
659,Tito,Mettetal,37999,IB0800A,FirstClass,Demorado
660,Cale,Bernhard,34610,MM0987B,ExecutiveClass,En Vuelo
661,Alene,Bramsom,19220,TU6789B,EconomyClass,Demorado
662,Ric,Giorio,35284,GU2345F,ExecutiveClass,En Horario
663,Jorgan,Janodet,21588,HY4567D,EconomyClass,Aterrizado
664,Doe,Leborgne,23355,IB0800A,FirstClass,Demorado
665,Flin,Perks,17368,GU2345F,FirstClass,En Vuelo
666,Bogey,Statter,36062,BR3456J,EconomyClass,En Vuelo
667,Markus,Wallsworth,22916,HY4567D,ExecutiveClass,Aterrizado
668,Dela,Dowsett,27521,FR5678G,EconomyClass,En Vuelo
669,Corrine,Pollington,25592,IB0800A,EconomyClass,En Horario
670,Barb,Gilman,28743,HY4567D,FirstClass,Demorado
671,Humfrid,Killelea,22496,TU6789B,FirstClass,Aterrizado
672,Ranique,Beccles,29136,BR3456J,EconomyClass,En Horario
673,Wandis,Reed,10641,FR5678G,FirstClass,Demorado
674,Tony,Boag,12539,BR3456J,FirstClass,Demorado
675,Cahra,Causby,27564,IB0800A,FirstClass,Aterrizado
676,Hailey,Beddin,22659,IB0800A,EconomyClass,En Vuelo
677,Delmar,Jurisch,31552,HY4567D,FirstClass,Demorado
678,Erda,Muat,28634,MM0987B,FirstClass,Demorado
679,Joy,Petersen,39717,MM0987B,ExecutiveClass,En Vuelo
680,Liv,Glasser,21152,IB0800A,EconomyClass,En Horario
681,Darn,Peever,45249,MM0987B,ExecutiveClass,En Horario
682,Zerk,Pencost,14812,FR5678G,FirstClass,En Horario
683,Tull,Lestrange,22889,FR5678G,FirstClass,En Horario
684,Nefen,Chetter,41977,IB0800A,ExecutiveClass,En Horario
685,Lorne,Jaquemar,19043,HY4567D,FirstClass,En Horario
686,Karoline,Schoenleiter,11698,HY4567D,FirstClass,Demorado
687,Leshia,Jedrasik,49668,IB0800A,EconomyClass,Demorado
688,Shandie,Dawkins,37726,HY4567D,FirstClass,En Vuelo
689,Maximilianus,Bodechon,19061,HY4567D,FirstClass,En Vuelo
690,Woody,Louthe,31244,MM0987B,FirstClass,Demorado
691,Sibel,Alexandersen,33540,GU2345F,ExecutiveClass,En Horario
692,Nelly,Glader,23204,TU6789B,EconomyClass,En Vuelo
693,Amity,MacEntee,36224,TU6789B,FirstClass,En Vuelo
694,Reinold,Simeons,34621,GU2345F,FirstClass,Aterrizado
695,Tarah,Style,10550,BR3456J,FirstClass,Aterrizado
696,Bertrando,Angell,16817,BA2491A,EconomyClass,En Vuelo
697,Floris,Luttgert,48408,IB0800A,ExecutiveClass,Demorado
698,Humberto,Arnaut,37649,TU6789B,FirstClass,En Horario
699,Zilvia,Slaight,19474,GU2345F,ExecutiveClass,Demorado
700,Marta,Ingolotti,14062,IB0800A,ExecutiveClass,Aterrizado
701,Delmor,Gibbin,45615,GU2345F,EconomyClass,Aterrizado
702,Bryon,Durdle,25569,BA2491A,FirstClass,Demorado
703,Sonia,Fergie,30693,TU6789B,FirstClass,Aterrizado
704,Massimo,Sherr,42653,TU6789B,ExecutiveClass,Demorado
705,Jess,Turfes,18958,IB0800A,EconomyClass,En Vuelo
706,Iggie,Desport,10677,FR5678G,FirstClass,Demorado
707,Coreen,Jane,19253,GU2345F,EconomyClass,En Horario
708,Abbe,Wardale,46456,MM0987B,FirstClass,Demorado
709,Dory,McGlynn,22728,GU2345F,EconomyClass,En Horario
710,Wood,Veronique,39250,HY4567D,FirstClass,Aterrizado
711,Leeann,Balcombe,27074,BA2491A,FirstClass,En Horario
712,Giselbert,Uttermare,43339,BA2491A,EconomyClass,Aterrizado
713,Arabelle,Bispo,20349,HY4567D,FirstClass,En Vuelo
714,Kirbie,Domenico,18798,GU2345F,FirstClass,En Vuelo
715,Willie,Durtnel,27199,IB0800A,FirstClass,En Horario
716,Sayer,Gyrgorcewicx,32290,BR3456J,ExecutiveClass,En Horario
717,Celestyn,Lipson,31812,MM0987B,EconomyClass,Aterrizado
718,Gothart,Cuddehy,14764,BA2491A,ExecutiveClass,En Horario
719,Karly,Roff,19777,BR3456J,ExecutiveClass,Aterrizado
720,Wenona,O'Dennehy,23223,TU6789B,ExecutiveClass,Demorado
721,Trix,Pinxton,31441,IB0800A,FirstClass,Demorado
722,Morey,Picopp,43133,IB0800A,EconomyClass,Aterrizado
723,Lane,Matijevic,40501,HY4567D,FirstClass,Aterrizado
724,Ann-marie,MacKim,24354,MM0987B,EconomyClass,En Vuelo
725,Ysabel,Comer,41331,IB0800A,EconomyClass,En Vuelo
726,Teddy,Flanne,39691,TU6789B,ExecutiveClass,Demorado
727,Vasilis,Gustus,35381,IB0800A,EconomyClass,En Horario
728,Bartel,Snoddon,19826,BR3456J,ExecutiveClass,Demorado
729,Drusi,Tampling,34741,IB0800A,ExecutiveClass,En Horario
730,Rossy,Cadney,32012,TU6789B,FirstClass,Aterrizado
731,Koenraad,Beakes,46007,FR5678G,ExecutiveClass,Demorado
732,Anders,Budcock,37497,GU2345F,ExecutiveClass,En Vuelo
733,Vanni,Leader,20669,MM0987B,ExecutiveClass,En Vuelo
734,Doe,Eccleston,26281,TU6789B,EconomyClass,En Vuelo
735,Glennie,Capelin,11536,IB0800A,ExecutiveClass,Aterrizado
736,Grata,Critoph,39251,HY4567D,FirstClass,En Vuelo
737,Joycelin,McGuinness,41098,BA2491A,EconomyClass,En Horario
738,Martha,Milvarnie,14331,TU6789B,ExecutiveClass,Aterrizado
739,Marji,Meeus,37258,MM0987B,FirstClass,Demorado
740,Cecilla,Giorgione,17402,GU2345F,FirstClass,Aterrizado
741,Price,Bougourd,42892,BA2491A,ExecutiveClass,En Vuelo
742,Del,Friett,36459,BR3456J,EconomyClass,Demorado
743,Giorgi,Fagence,33964,TU6789B,ExecutiveClass,Demorado
744,Aldric,Feaster,40682,GU2345F,ExecutiveClass,Aterrizado
745,Beaufort,Thridgould,34531,BR3456J,FirstClass,En Horario
746,Oona,Lipscombe,33282,HY4567D,EconomyClass,Demorado
747,Sukey,Giraudo,33282,MM0987B,FirstClass,En Horario
748,Field,Brekonridge,20214,BR3456J,FirstClass,Aterrizado
749,Dalton,Grinnov,39048,HY4567D,FirstClass,Demorado
750,Baron,Bissiker,11734,BA2491A,EconomyClass,Aterrizado
751,Gennifer,Nelthorp,17459,FR5678G,EconomyClass,Aterrizado
752,Sean,Botham,24035,MM0987B,FirstClass,Aterrizado
753,Phylis,Castellucci,46912,HY4567D,FirstClass,Demorado
754,Claude,Confort,35231,BA2491A,EconomyClass,Demorado
755,Georgie,Lyons,43491,GU2345F,EconomyClass,En Vuelo
756,Opalina,Seden,38742,HY4567D,EconomyClass,En Horario
757,Nisse,Paschek,30080,TU6789B,FirstClass,Aterrizado
758,Charmain,Myers,43726,BA2491A,FirstClass,En Vuelo
759,Miof mela,Amoore,23840,HY4567D,FirstClass,Demorado
760,Dulcea,Dorking,19571,MM0987B,EconomyClass,En Horario
761,Alonso,Barclay,17822,HY4567D,FirstClass,Demorado
762,Abdul,Pimley,27301,IB0800A,ExecutiveClass,Aterrizado
763,Rayner,Perulli,19985,HY4567D,FirstClass,Aterrizado
764,Rochelle,Congram,39459,GU2345F,FirstClass,En Vuelo
765,Cherish,Eccles,32429,MM0987B,EconomyClass,En Vuelo
766,Noland,Prendergrass,17817,MM0987B,FirstClass,Aterrizado
767,Sianna,Seegar,23654,BR3456J,FirstClass,En Horario
768,Matty,Inder,42927,FR5678G,EconomyClass,Aterrizado
769,Karalee,Corris,40554,FR5678G,FirstClass,En Horario
770,Holmes,Kupke,26614,IB0800A,ExecutiveClass,Aterrizado
771,Jenna,Axcell,17641,MM0987B,EconomyClass,Aterrizado
772,Burgess,Thrustle,11732,GU2345F,FirstClass,Aterrizado
773,Thatch,Sherwin,39547,FR5678G,ExecutiveClass,Demorado
774,Innis,Huchot,31291,BA2491A,FirstClass,En Vuelo
775,Alta,Machans,36567,GU2345F,EconomyClass,Demorado
776,Dyane,Siseland,46308,FR5678G,FirstClass,En Vuelo
777,Tyrus,Butterwick,33716,HY4567D,ExecutiveClass,En Horario
778,Robbi,Dutch,40587,BA2491A,FirstClass,En Vuelo
779,Charlean,Briereton,17418,MM0987B,EconomyClass,Demorado
780,Chad,MacNulty,12785,GU2345F,EconomyClass,Demorado
781,Dee dee,Kivlin,47118,TU6789B,FirstClass,En Vuelo
782,Terza,Jovicic,41274,HY4567D,FirstClass,Demorado
783,Clyde,Garahan,19845,MM0987B,EconomyClass,En Vuelo
784,Fiorenze,Battye,10270,FR5678G,FirstClass,En Horario
785,Pammi,Woodger,11351,BA2491A,EconomyClass,Demorado
786,Dolley,Shambrook,30614,BA2491A,EconomyClass,En Horario
787,Merrile,Duffield,37655,MM0987B,ExecutiveClass,En Horario
788,Anita,Chotty,43734,MM0987B,FirstClass,En Vuelo
789,Launce,Sabbatier,38773,TU6789B,ExecutiveClass,En Horario
790,Maxwell,Hales,36378,FR5678G,FirstClass,Aterrizado
791,Arda,Bennike,28540,IB0800A,EconomyClass,En Horario
792,Creighton,Heintsch,32938,TU6789B,EconomyClass,Aterrizado
793,Alikee,Bedboro,24969,GU2345F,ExecutiveClass,Aterrizado
794,Rania,Gothard,39853,IB0800A,FirstClass,Demorado
795,Anabella,Athow,29411,TU6789B,EconomyClass,En Vuelo
796,Nance,Antoniades,47128,FR5678G,FirstClass,Demorado
797,Randal,Messenger,36382,BR3456J,EconomyClass,Aterrizado
798,Lilah,Cowerd,36889,IB0800A,FirstClass,En Horario
799,Brina,Le Huquet,23533,BA2491A,FirstClass,Aterrizado
800,Raddy,Iacovelli,19051,MM0987B,FirstClass,En Vuelo
801,Hynda,Thorp,43025,GU2345F,EconomyClass,En Horario
802,Ward,Spillane,21868,BA2491A,EconomyClass,En Horario
803,Neron,Lawrenceson,22819,BR3456J,FirstClass,Demorado
804,Cayla,Ivanyutin,14890,GU2345F,FirstClass,Demorado
805,Alfred,Tordoff,37893,GU2345F,FirstClass,En Horario
806,Remus,Flarity,12272,HY4567D,EconomyClass,Demorado
807,Nicolis,Webermann,32137,MM0987B,FirstClass,En Horario
808,Thatcher,Kenealy,22766,BA2491A,EconomyClass,Aterrizado
809,Salvidor,Lis,14886,HY4567D,FirstClass,Demorado
810,Bald,Ellit,20434,BA2491A,ExecutiveClass,Aterrizado
811,Min,Crosbie,30901,MM0987B,FirstClass,En Vuelo
812,Ardra,Elmore,42444,IB0800A,ExecutiveClass,Demorado
813,Mariska,Landy,39653,BA2491A,FirstClass,Demorado
814,Dmitri,Klos,21748,FR5678G,FirstClass,En Vuelo
815,Bale,Jankiewicz,37318,GU2345F,ExecutiveClass,Demorado
816,Friedrich,Berthod,20502,BR3456J,ExecutiveClass,En Horario
817,Maxie,Benedidick,18759,HY4567D,EconomyClass,En Vuelo
818,Jennette,Strettell,19540,MM0987B,EconomyClass,Demorado
819,Herb,Glyssanne,48286,MM0987B,FirstClass,Aterrizado
820,Erena,Creser,35157,MM0987B,EconomyClass,En Vuelo
821,Kahlil,Chantrell,24770,IB0800A,FirstClass,En Vuelo
822,Royce,Potteril,13158,BR3456J,FirstClass,En Horario
823,Tris,Ould,31525,MM0987B,FirstClass,En Horario
824,Welsh,Brahms,22788,HY4567D,EconomyClass,Aterrizado
825,Hinda,Goadbie,25726,IB0800A,EconomyClass,En Horario
826,Gradeigh,Di Biasio,49065,BR3456J,EconomyClass,En Horario
827,Donnie,Espinoy,49697,HY4567D,FirstClass,Aterrizado
828,Dannel,Clemence,28525,IB0800A,ExecutiveClass,En Horario
829,Dieter,Rous,29251,TU6789B,FirstClass,En Horario
830,Fernandina,Fullerlove,44452,FR5678G,EconomyClass,Aterrizado
831,Gustavus,Hunnam,11359,GU2345F,EconomyClass,En Vuelo
832,Rudolfo,Mateus,20394,FR5678G,EconomyClass,Demorado
833,Shauna,Mullaly,22296,BR3456J,FirstClass,Aterrizado
834,Wilmette,Warbeys,25030,GU2345F,ExecutiveClass,En Horario
835,Verla,Sherwyn,23871,BA2491A,ExecutiveClass,Demorado
836,Sanson,Dedenham,28165,BA2491A,EconomyClass,Aterrizado
837,Stephani,Franklyn,19498,BR3456J,EconomyClass,En Vuelo
838,Umberto,McPhate,38812,BR3456J,FirstClass,En Vuelo
839,Marven,Rippingall,49088,GU2345F,FirstClass,En Vuelo
840,Sayres,Bloxsom,43427,TU6789B,FirstClass,En Vuelo
841,Farr,Petch,22593,TU6789B,FirstClass,En Horario
842,Royal,Slidders,23388,HY4567D,ExecutiveClass,Demorado
843,Celisse,Maling,26279,FR5678G,ExecutiveClass,En Horario
844,Ermina,Bousler,47396,IB0800A,ExecutiveClass,Aterrizado
845,Darda,Hailes,35795,MM0987B,EconomyClass,En Vuelo
846,Marshall,Postles,48057,BR3456J,EconomyClass,Aterrizado
847,Oates,Philipart,26381,HY4567D,FirstClass,Aterrizado
848,Lark,Petrishchev,20218,TU6789B,FirstClass,Demorado
849,Norry,Decourcy,42961,FR5678G,EconomyClass,En Vuelo
850,Felicle,Silverthorne,26594,HY4567D,EconomyClass,En Horario
851,Cherrita,Skip,31730,FR5678G,EconomyClass,En Horario
852,Ariella,Swigg,28967,IB0800A,EconomyClass,Demorado
853,Stillmann,Stringfellow,23778,FR5678G,FirstClass,En Horario
854,Tabbie,Tankus,37013,MM0987B,EconomyClass,En Horario
855,Vaclav,Bayldon,22179,FR5678G,EconomyClass,Demorado
856,Urson,Gruszczak,31199,TU6789B,FirstClass,En Horario
857,Saundra,Corriea,46812,BA2491A,EconomyClass,Aterrizado
858,Adara,Bartomeu,24638,GU2345F,FirstClass,Demorado
859,Lillis,Tire,36520,GU2345F,ExecutiveClass,Aterrizado
860,Illa,Jambrozek,46586,TU6789B,EconomyClass,En Vuelo
861,Lucais,Frankel,31838,BR3456J,FirstClass,Demorado
862,Marleen,Korda,11100,MM0987B,EconomyClass,Aterrizado
863,Sherill,Stiger,44038,TU6789B,FirstClass,Aterrizado
864,Iolande,Yakubovics,33571,HY4567D,FirstClass,En Horario
865,Linn,Gun,23002,HY4567D,ExecutiveClass,En Horario
866,Ethelind,Dumbare,45891,MM0987B,FirstClass,Aterrizado
867,Ronni,Huckster,44551,HY4567D,ExecutiveClass,En Horario
868,Marmaduke,Dunckley,20254,TU6789B,FirstClass,Aterrizado
869,Aylmer,Boosey,22182,TU6789B,ExecutiveClass,En Vuelo
870,Allan,Guice,17475,FR5678G,ExecutiveClass,En Horario
871,Alidia,Luker,16316,TU6789B,ExecutiveClass,En Vuelo
872,Faulkner,Tapin,11396,FR5678G,ExecutiveClass,Aterrizado
873,Cherilyn,Schellig,43658,BR3456J,EconomyClass,Aterrizado
874,Bert,Plaskett,15115,IB0800A,FirstClass,Aterrizado
875,Cinda,Rupke,14723,MM0987B,FirstClass,En Vuelo
876,Wallie,Bootland,49910,BR3456J,FirstClass,En Vuelo
877,Inigo,Robertelli,40449,BR3456J,EconomyClass,En Vuelo
878,Dugald,Benjefield,11687,FR5678G,EconomyClass,Demorado
879,Davie,Toplin,17481,TU6789B,FirstClass,Demorado
880,Brena,Langcaster,47702,TU6789B,EconomyClass,En Vuelo
881,Kirsteni,Warin,44058,TU6789B,FirstClass,En Horario
882,Garfield,Geraud,25385,IB0800A,FirstClass,Demorado
883,Bary,Quennell,23793,HY4567D,FirstClass,Aterrizado
884,Darlleen,Collison,45857,BR3456J,FirstClass,En Vuelo
885,Inesita,Gurdon,43576,HY4567D,FirstClass,Demorado
886,Cammie,Hunter,43681,IB0800A,ExecutiveClass,Aterrizado
887,Barnett,Habergham,27416,FR5678G,EconomyClass,En Vuelo
888,Genevra,Barensen,11062,IB0800A,EconomyClass,Demorado
889,Lyon,Sinclaire,19215,HY4567D,FirstClass,Demorado
890,Freddie,Seagrove,12100,MM0987B,ExecutiveClass,En Horario
891,Lennie,Rooper,40201,HY4567D,ExecutiveClass,Aterrizado
892,Milka,Kaasmann,31199,TU6789B,FirstClass,Demorado
893,Evangelia,Sweeny,40102,GU2345F,FirstClass,En Vuelo
894,Ced,Henkens,12842,BA2491A,FirstClass,Aterrizado
895,Zane,Etty,42844,BR3456J,ExecutiveClass,En Vuelo
896,Georgia,Reddie,37769,HY4567D,EconomyClass,En Vuelo
897,Germaine,Brough,33728,FR5678G,EconomyClass,En Vuelo
898,Deirdre,Fautly,25008,HY4567D,ExecutiveClass,Aterrizado
899,Stephana,O'Gready,35205,TU6789B,ExecutiveClass,En Horario
900,Del,MacCaig,27649,HY4567D,FirstClass,Demorado
901,Aridatha,Aleso,13854,BR3456J,ExecutiveClass,En Horario
902,Mariana,Wescott,20688,IB0800A,EconomyClass,En Horario
903,Willa,Gilbody,46158,HY4567D,EconomyClass,Aterrizado
904,Aubert,Belsher,23918,GU2345F,ExecutiveClass,En Horario
905,Franny,Scrauniage,21136,BA2491A,FirstClass,En Vuelo
906,George,Callaby,19660,BR3456J,FirstClass,Demorado
907,Tedd,Pietroni,40936,BR3456J,EconomyClass,En Horario
908,Lanny,Vaines,33071,FR5678G,FirstClass,Aterrizado
909,Payton,Hanshaw,44600,HY4567D,ExecutiveClass,Aterrizado
910,Mathilde,Kaes,47475,GU2345F,FirstClass,En Vuelo
911,Clare,Leadbeater,13079,IB0800A,EconomyClass,Demorado
912,Kean,Ringwood,32422,HY4567D,EconomyClass,Aterrizado
913,Wilow,Maase,13422,GU2345F,EconomyClass,Aterrizado
914,Kelli,Abrashkin,22808,TU6789B,ExecutiveClass,En Vuelo
915,Lynsey,Kearney,23559,TU6789B,EconomyClass,Demorado
916,Chandal,Georgiev,34373,BR3456J,EconomyClass,En Vuelo
917,Natalee,Pfeuffer,31159,MM0987B,ExecutiveClass,En Vuelo
918,Ario,Bamborough,43234,BA2491A,EconomyClass,Demorado
919,Danielle,Greydon,11038,TU6789B,ExecutiveClass,En Vuelo
920,Dewie,Crippes,25141,TU6789B,EconomyClass,Aterrizado
921,Cassandra,Hartropp,25742,BA2491A,EconomyClass,En Horario
922,Shepherd,Hawford,26179,IB0800A,ExecutiveClass,En Horario
923,Alysa,Davenhill,29387,TU6789B,FirstClass,En Horario
924,Vivia,Janecki,32642,BA2491A,EconomyClass,En Horario
925,Reggie,Stidson,16587,BA2491A,ExecutiveClass,En Vuelo
926,Jobye,Blenkensop,48765,BR3456J,FirstClass,Demorado
927,Courtenay,Dallicott,27043,TU6789B,ExecutiveClass,En Horario
928,Thomas,Fake,14836,BR3456J,EconomyClass,En Horario
929,Samaria,Grigori,29886,IB0800A,ExecutiveClass,Aterrizado
930,Riccardo,Baylie,43931,BR3456J,EconomyClass,En Vuelo
931,Romain,Kellar,28518,IB0800A,ExecutiveClass,Demorado
932,Oralla,Bench,14432,BR3456J,EconomyClass,En Vuelo
933,Maggi,Bosch,35329,HY4567D,EconomyClass,En Horario
934,Linc,Olivo,47373,GU2345F,EconomyClass,Aterrizado
935,Adriana,Melsome,23870,BR3456J,EconomyClass,Aterrizado
936,Addison,Baldin,31962,MM0987B,ExecutiveClass,Demorado
937,Carree,Schwant,24868,BA2491A,ExecutiveClass,En Horario
938,Sherri,Petchell,24569,TU6789B,ExecutiveClass,En Vuelo
939,Nicolis,Atte-Stone,36193,TU6789B,EconomyClass,En Vuelo
940,Caryn,Bathow,16938,BR3456J,FirstClass,Aterrizado
941,Shandeigh,Willcott,26886,HY4567D,FirstClass,En Horario
942,Cybil,Rohloff,48992,TU6789B,ExecutiveClass,Demorado
943,Em,St. Louis,23686,FR5678G,ExecutiveClass,En Horario
944,Abba,Leijs,48057,BA2491A,FirstClass,En Vuelo
945,Lanna,Reckless,36923,GU2345F,EconomyClass,Aterrizado
946,Phineas,Learmount,34449,HY4567D,EconomyClass,En Vuelo
947,Ezmeralda,Stiant,20825,IB0800A,ExecutiveClass,En Horario
948,Berton,Audritt,41599,MM0987B,FirstClass,Aterrizado
949,Artemis,Saing,40143,GU2345F,ExecutiveClass,Demorado
950,Norri,Gerran,11628,HY4567D,ExecutiveClass,En Horario
951,Johnathon,Redfield,10520,BA2491A,EconomyClass,En Horario
952,Ebenezer,Piff,29903,MM0987B,ExecutiveClass,Aterrizado
953,Belva,Lambe,39974,BA2491A,EconomyClass,En Vuelo
954,Lula,Passo,31349,IB0800A,ExecutiveClass,En Vuelo
955,Addie,Gambie,37644,BA2491A,ExecutiveClass,Aterrizado
956,Sloan,Hyrons,19056,BA2491A,EconomyClass,Aterrizado
957,Lefty,Lilley,15052,FR5678G,ExecutiveClass,Aterrizado
958,Pia,Davitt,45883,BA2491A,ExecutiveClass,En Vuelo
959,Donall,Mc Dermid,47234,IB0800A,FirstClass,Aterrizado
960,Jimmie,Seathwright,19496,FR5678G,EconomyClass,En Horario
961,Lilian,Gossop,23683,BA2491A,ExecutiveClass,En Vuelo
962,Isidro,Marriner,24738,GU2345F,FirstClass,Aterrizado
963,Isis,Dudbridge,41690,GU2345F,EconomyClass,Demorado
964,Tomaso,Broxis,13143,HY4567D,ExecutiveClass,En Vuelo
965,Damaris,Saunter,27456,BR3456J,EconomyClass,En Horario
966,Lilllie,Saywood,29760,BR3456J,EconomyClass,En Horario
967,Sanson,Giral,15129,HY4567D,FirstClass,En Vuelo
968,Moyra,Garrish,47490,IB0800A,EconomyClass,Aterrizado
969,Rivkah,Merrin,21796,IB0800A,EconomyClass,Demorado
970,Harmon,O'Heagertie,11524,HY4567D,ExecutiveClass,Aterrizado
971,Revkah,Krysztofowicz,24412,IB0800A,ExecutiveClass,En Vuelo
972,Torrie,Benne,30351,BA2491A,FirstClass,En Vuelo
973,Isiahi,Cornbell,33542,BA2491A,FirstClass,Aterrizado
974,Rhonda,Wakelin,14663,BR3456J,FirstClass,Aterrizado
975,Xenos,Brunsen,23428,BA2491A,FirstClass,En Vuelo
976,Gusti,Fivey,13273,TU6789B,EconomyClass,En Vuelo
977,Isabel,Scurry,20353,IB0800A,ExecutiveClass,Aterrizado
978,Mona,Deboo,45431,GU2345F,EconomyClass,En Vuelo
979,Alano,Kerridge,34715,MM0987B,EconomyClass,Aterrizado
980,Max,Pieroni,45484,IB0800A,FirstClass,En Vuelo
981,Jori,Sisnett,18194,FR5678G,EconomyClass,En Vuelo
982,Roderich,Knoton,29643,BA2491A,ExecutiveClass,En Horario
983,Grata,Pepineaux,38626,HY4567D,EconomyClass,Aterrizado
984,Hanan,Pehrsson,35642,TU6789B,EconomyClass,Demorado
985,Art,Hannis,24531,GU2345F,EconomyClass,En Horario
986,Lilia,Casarino,30811,GU2345F,FirstClass,Demorado
987,Wynny,Domleo,46934,GU2345F,ExecutiveClass,En Vuelo
988,Raychel,Echalie,44827,FR5678G,EconomyClass,Demorado
989,Corissa,Crighton,46704,TU6789B,EconomyClass,Demorado
990,Chryste,Timson,18508,FR5678G,FirstClass,En Horario
991,Ariela,Yellowlea,40582,FR5678G,EconomyClass,Aterrizado
992,Alic,Taunton,43692,TU6789B,ExecutiveClass,Aterrizado
993,Catriona,Gerard,34839,GU2345F,FirstClass,Aterrizado
994,Lina,Sebborn,25481,BR3456J,ExecutiveClass,Aterrizado
995,Heather,Newnham,10070,GU2345F,ExecutiveClass,En Vuelo
996,Wilmar,Grishankov,17543,GU2345F,EconomyClass,En Horario
997,Marabel,Advani,46855,HY4567D,FirstClass,En Horario
998,Janetta,Surgenor,23393,MM0987B,EconomyClass,En Horario
999,Kirby,Clinkard,37011,HY4567D,EconomyClass,Demorado
1000,Yoko,Baldini,29605,HY4567D,ExecutiveClass,En Horario